Study;Region;Country;Comments ;SiteID;comments 2;Site Name;PI Name;Site status;Site Risk Rating;Initiation Visit Actual;SIV planned date;Column5;SIV Actual date;FPFV planned date;FPFV Actual date;SSU Manager;CPM;SSU CRA;Site Contact List added to tracker/Verve;Column2;shipment date (planned/actual);(planned/actual);Site Contact List sent ;Training completed;tablets shipment date (planned/actual);tablets received (planned/actual);assessor qualified;Column4;SQF submitted;ECG shipment date (planned/actual);"ECG received date
";Site Contact List sent to VENDOR NAME3;EQUIPMENT required?;Site questionnaire completion date;Site training completion date;Site qualification date;NEMA phantom required?;177Lu source required?;Calibration completion date;Site Contact List sent to Cenduit;Column3;Site Activation in IRT (date);Y/N;Yes/No;ancilliary shipment date (planned/actual);ancilliary shipment received
CCYX082A12101;America;United States;All supplies at the site;5014;All supplies at the site;Northwestern Medical Center | 510421;Michael Bauer;Initiating;Minimal Risk;;;;;;;;;;45570;45618;45622;45628;45618;;45637;45644;;;45593;45637;45638;;;;;;;;;;Yes;45818;45615;;45685;45686
CCYX082A12101;America;United States;;5034;;University of Michigan Research Center | 510422;Daniel Fischer;Qualifying;No Risk;;;;;;;;;;;;;;;;;;;;;;;;;;;;;;;;;;;;;
CCYX082A12101;Europe;Germany;SIV Completed;1107;;Heidelberg University Hospital | 310423;Sophie Hartmann;Active;;45564;45609;;45609;45644;45636;Michelle Wong;Markus Schneider;;45573;45572;45585;45587;45554;;45588;45593;;;45583;45588;45589;;;;;;;;;45553;Yes;45608;45559;;45562;45566
CCYX082A12101;Asia;Australia;;3306;;Royal Melbourne Hospital | 310424;Li Wei;Cancelled;;;;;;;;Kenji Tanaka;Wei Zhang;Sandra Mueller;;;;;;;;;;;;;;;;;;;;;;;;;;;;
CCYX082A12101;Asia;Japan;;3212;;Kyoto Central Medical Center | 310425;Takashi Nakamura;SSU Activity Paused;Minimal Risk;;;;;;;Isabel Romero Garc a;Hiroshi Takeda;Daichi Kobayashi;45562;;;;45560;;45593;45596;;;;;;;;;;;;;;45574;Yes;;45558;;45637;45638
CCYX082A12101;Europe;Spain;Tablets to be shipped (expedited), ancillary supplies requested ;1408;;Hospital Cl nico San Carlos | 310426;Elena Martinez;Initiating;No Risk;;45625;;45625;45960;;Isabel Romero Garc a;Omar Benali;Javier Ortega;45573;45572;45583;45586;45562;;45615;45621;;;45583;45596;45600;;;;;;;;;45562;Yes;;;;45615;45617
CCYX082A12101;Europe;Spain;Supplies at site (SIV 4Dec);1405;;Hospital Universitario La Paz | 310427;Carmen Rodriguez;Initiating;No Risk;;45637;;45637;45809;;Isabel Romero Garc a;Omar Benali;Lucia Fernandez;45573;45572;45583;45586;45562;;45582;45587;;;45567;45576;45579;;;;;;;;;45562;Yes;45639;;;fed ex 934768936798;45582
CCYX082A12101;Europe;Spain;pSIV 14Nov (done);1402;;Hospital del Mar Barcelona | 310428;Patricia Morales;Initiating;No Risk;;45671;;45672;45708;;Petra Novotna;Omar Benali;Marta Delgado;45573;45572;45587;45588;45562;;45604;45609;;;45577;45589;45590;;;;;;;;;45562;Yes;45673;;;fed ex 579834579888;45582
CCYX082A12101;Europe;Czech Republic;ECG needed;1702;;Brno University Hospital | 310429;Petr Novak;Initiating;No Risk;;45770;;45770;45875;;Evelyn Lin;Pavel Dvorak;Ivana Novakova;45580;45755;45757;45762;45681;;45740;45744;;;;;;;;;;;;;;;Yes;;;;45756;45757
CCYX082A12101;Asia;Taiwan;eCOA tablet;3402;All supplies at the site ;Taipei City Medical University Hospital | 310430;Ming-Hao Chen;Initiating;No Risk;;45854;;;45895;;Isabel Romero Garc a;Akira Yamamoto;Jason Liu;yes;45783;45790;45796;45715;;45786;45793;;;;45796;45803;;;;;;;;;45691;Yes;45855;;;45805;45811
CCYX082A12101;Europe;Spain;ECG shipped & Labs needed;1401;;Hospital Germans Trias i Pujol | 310431;Alejandro Ruiz Moreno;Initiating;No Risk;;45900;;;46081;;Rachel Bennett;Omar Benali;Marta Delgado;45562;45800;45805;45810;45562;;45681;45684;;;;;scheduled 12th june 2025;;;;;;;;;45562;Yes;;;;45685;45686
CCYX082A12101;America;United States; Need SQF & Labs update ;5026;Need SQF, Need labs;Mount Sinai Medical Center | 310432;Yael Cohen;Initiating;No Risk;;46079;;;46094;;Natalie Hoffman;Jennifer Collins;Rebecca Turner;45635;45671;hold for PI change;;45636;;;45663;;;;Need SQF;Need SQF;;;;;;;;;45636;Yes;;45636;;45673;45674
CCYX082A12101;Europe;Germany;SIV - May (June possible);1101;All supplies at the site ;Charit  University Hospital Berlin | 310433;Lukas Wagner;Initiating;No Risk;;45809;;45804;45874;;Verena Dexheimer ;Thomas Becker;Ingrid Keller;45573;45734;45754;45758;45554;;45594;45601;;;45734;45741;45743;;;;;;;;;45553;Yes;45826;;;45728;45729
